{
    "geometry": {
        "detectors": [
            {
                "id": 9,
                "size": {
                    "x": 25.6,
                    "y": 13.8,
                    "z": 1.0
                },
                "pitch": {
                    "x": 0.025,
                    "y": 0.025,
                    "z": 1.0
                },
                "pixel": {
                    "x": 1024,
                    "y": 512,
                    "z": 1
                },
                "center": {
                    "x": 0.0,
                    "y": 0.0,
                    "z": 0.0
                },
                "rotation": {
                    "x": 0.0,
                    "y": 0.0,
                    "z": 0.0
                }
            },
            {
                "id": 7,
                "size": {
                    "x": 25.6,
                    "y": 13.8,
                    "z": 1.0
                },
                "pitch": {
                    "x": 0.025,
                    "y": 0.025,
                    "z": 1.0
                },
                "pixel": {
                    "x": 1024,
                    "y": 512,
                    "z": 1
                },
                "center": {
                    "x": 0.16990318000000002,
                    "y": -0.3988046300000001,
                    "z": 75.0
                },
                "rotation": {
                    "x": 0.0,
                    "y": 0.0,
                    "z": 0.00486292
                }
            },
            {
                "id": 5,
                "size": {
                    "x": 25.6,
                    "y": 13.8,
                    "z": 1.0
                },
                "pitch": {
                    "x": 0.025,
                    "y": 0.025,
                    "z": 1.0
                },
                "pixel": {
                    "x": 1024,
                    "y": 512,
                    "z": 1
                },
                "center": {
                    "x": 0.017517000000000006,
                    "y": 0.11140979999999999,
                    "z": 150.0
                },
                "rotation": {
                    "x": 0.0,
                    "y": 0.0,
                    "z": 0.00718805
                }
            },
            {
                "id": 32,
                "size": {
                    "x": 25.6,
                    "y": 13.8,
                    "z": 1.0
                },
                "pitch": {
                    "x": 0.025,
                    "y": 0.025,
                    "z": 1.0
                },
                "pixel": {
                    "x": 1024,
                    "y": 512,
                    "z": 1
                },
                "center": {
                    "x": -1.2304268999999999,
                    "y": -0.9539714,
                    "z": 254.0
                },
                "rotation": {
                    "x": 0.0,
                    "y": 0.0,
                    "z": 0.01195206
                }
            },
            {
                "id": 3,
                "size": {
                    "x": 25.6,
                    "y": 13.8,
                    "z": 1.0
                },
                "pitch": {
                    "x": 0.025,
                    "y": 0.025,
                    "z": 1.0
                },
                "pixel": {
                    "x": 1024,
                    "y": 512,
                    "z": 1
                },
                "center": {
                    "x": -0.0013155000000000003,
                    "y": 0.21372246,
                    "z": 327.0
                },
                "rotation": {
                    "x": 0.0,
                    "y": 0.0,
                    "z": 0.005922149999999999
                }
            },
            {
                "id": 2,
                "size": {
                    "x": 25.6,
                    "y": 13.8,
                    "z": 1.0
                },
                "pitch": {
                    "x": 0.025,
                    "y": 0.025,
                    "z": 1.0
                },
                "pixel": {
                    "x": 1024,
                    "y": 512,
                    "z": 1
                },
                "center": {
                    "x": 0.0,
                    "y": 0.0,
                    "z": 402.0
                },
                "rotation": {
                    "x": 0.0,
                    "y": 0.0,
                    "z": 0.004266590000000001
                }
            }
        ]
    }
}